ingredient_name,Sweetness,Acidity,Saltiness,Bitterness,Umami,Spiciness_Heat,Richness,Texture_Prep
간마늘,2,1,1,2,2,2,1,1
간장,1,1,5,1,5,1,1,1
감자,1,1,1,1,1,1,1,4
감자튀김,1,1,2,1,2,1,4,4
계란,1,1,1,1,2,1,2,3
고구마전분,1,1,1,1,1,1,1,5
고추,1,1,1,2,1,4,1,1
고추가루,1,1,1,1,2,5,1,1
고추장,3,2,4,1,4,4,2,3
고춧가루,1,1,1,1,2,5,1,1
골뱅이,1,1,1,1,3,1,1,4
곱창,1,1,1,1,4,1,5,4
국간장,1,1,5,1,4,1,1,1
국수,1,1,1,1,1,1,1,4
굴소스,2,1,4,1,5,1,1,2
굵은소금,1,1,5,1,1,1,1,1
기름,1,1,1,1,1,1,5,3
김치,1,4,4,1,4,3,1,2
김치국물,1,5,4,1,4,3,1,1
깨소금,1,1,2,1,2,1,3,2
깻순,1,1,1,3,1,1,1,1
깻잎,1,1,1,4,1,1,1,1
꽃게,2,1,2,1,5,1,1,2
낙지,1,1,2,1,4,1,1,3
넛맥,1,1,1,2,1,2,1,1
노두유,2,1,4,1,4,1,1,2
노른자,1,1,1,1,3,1,4,3
노추,2,1,4,1,4,1,1,2
녹말물,1,1,1,1,1,1,1,5
느타리버섯,1,1,1,1,3,1,1,2
다시다,1,1,4,1,5,1,1,1
다시마,1,1,2,1,5,1,1,1
다시마물,1,1,1,1,4,1,1,1
다진마늘,2,1,1,2,2,2,1,1
다진생강,1,1,1,2,1,2,1,1
다진양파,3,1,1,1,2,1,1,1
다진파,2,1,1,1,2,1,1,1
단무지,3,3,3,1,1,1,1,2
달걀,1,1,1,1,2,1,2,3
당근,2,1,1,1,1,1,1,2
당면,1,1,1,1,1,1,1,4
대파,2,1,1,2,2,1,1,1
돼지갈비,2,1,2,1,5,1,5,4
돼지고기,1,1,1,1,5,1,5,4
돼지고기다짐육,1,1,1,1,5,1,4,3
돼지고기앞다리살,1,1,1,1,5,1,4,4
돼지등뼈,1,1,1,1,4,1,4,4
돼지족,1,1,1,1,4,1,4,5
된장,1,1,4,2,5,1,3,3
두부,1,1,1,1,2,1,1,3
들깨가루,1,1,1,1,2,1,4,3
등갈비,1,1,2,1,5,1,5,4
떡볶이,3,1,3,1,3,4,1,5
레몬,1,5,1,2,1,1,1,1
레몬즙,1,5,1,1,1,1,1,1
로즈마리,1,1,1,3,1,1,1,1
마늘,2,1,1,3,2,2,1,1
마늘가루,1,1,1,2,2,1,1,1
마른고추,1,1,1,2,1,5,1,1
맛술,3,1,1,1,1,1,1,1
매실액,4,3,1,1,1,1,1,1
매실엑기스,4,3,1,1,1,1,1,1
매운고추,1,1,1,1,1,5,1,1
멸치,1,1,3,1,5,1,1,1
멸치다시마육수,1,1,2,1,5,1,1,1
멸치액젓,1,1,5,1,5,1,1,1
멸치육수,1,1,2,1,4,1,1,1
명란,1,1,5,1,5,1,2,2
모짜렐라,1,1,3,1,3,1,5,4
무우,2,1,1,1,1,1,1,2
무청,1,1,1,2,1,1,1,2
물엿,5,1,1,1,1,1,1,2
물전분,1,1,1,1,1,1,1,5
미나리,1,1,1,3,1,1,1,2
미더덕,1,1,3,1,4,1,1,3
미림,3,1,1,1,1,1,1,1
미작,3,1,1,1,1,1,1,1
미향,3,1,1,1,1,1,1,1
밀가루,1,1,1,1,1,1,1,4
바베큐소스,3,2,3,1,3,1,2,2
바지락,1,1,2,1,5,1,1,2
박력분,1,1,1,1,1,1,1,4
배즙,4,1,1,1,1,1,1,1
배추,2,1,1,1,1,1,1,2
버터,1,1,2,1,2,1,5,3
베이컨,1,1,4,1,4,1,5,3
베이킹파우더,1,1,2,2,1,1,1,1
볶음참깨,1,1,1,1,2,1,3,2
부추,1,1,1,2,1,1,1,1
부침가루,1,1,2,1,1,1,1,4
블루크랩,2,1,2,1,5,1,1,2
비엔나,1,1,3,1,4,1,4,3
빨간고추,1,1,1,1,1,4,1,1
빵가루,1,1,1,1,1,1,1,4
사골곰탕,1,1,1,1,4,1,4,2
사골육수,1,1,1,1,4,1,4,2
사과,3,2,1,1,1,1,1,1
사워크림,1,3,1,1,1,1,4,3
사이다,4,1,1,1,1,1,1,1
삼겹살,1,1,1,1,4,1,5,4
새우,2,1,2,1,5,1,1,2
새우젓,1,1,5,1,5,1,1,1
샐러리,1,1,1,3,1,1,1,2
생강,1,1,1,3,1,2,1,1
생강가루,1,1,1,2,1,2,1,1
생강즙,1,1,1,2,1,2,1,1
설탕,5,1,1,1,1,1,1,1
소갈비,2,1,2,1,5,1,5,4
소고기,1,1,1,1,5,1,4,4
소고기다진것,1,1,1,1,5,1,4,3
소고기등심,1,1,1,1,5,1,5,4
소금,1,1,5,1,1,1,1,1
소불고기,3,1,3,1,5,1,4,3
소스,2,2,3,1,3,1,1,2
소시지,1,1,3,1,4,1,4,3
소주,1,1,1,2,1,1,1,1
소주컵,1,1,1,1,1,1,1,1
속대,1,1,1,1,1,1,1,2
쇠고기다시다,1,1,4,1,5,1,1,1
숙주나물,1,1,1,1,1,1,1,2
순대,1,1,2,1,4,1,3,4
순두부,1,1,1,1,2,1,1,4
스트링치즈,1,1,3,1,3,1,4,4
스팸,1,1,5,1,4,1,4,3
슬라이스햄,1,1,4,1,4,1,3,3
시금치,1,1,1,2,1,1,1,2
식용유,1,1,1,1,1,1,5,3
식초,1,5,1,1,1,1,1,1
신김치,1,5,4,1,4,3,1,2
쌀뜨물,1,1,1,1,1,1,1,2
쌍화탕,2,1,1,4,1,1,1,1
아구,1,1,1,1,4,1,1,3
안심,1,1,1,1,5,1,3,4
알룰로스,4,1,1,1,1,1,1,1
애호박,2,1,1,1,1,1,1,2
액상,1,1,1,1,1,1,1,1
액젓,1,1,5,1,5,1,1,1
양배추,2,1,1,1,1,1,1,2
양파,3,1,1,1,2,1,1,2
양파가루,2,1,1,1,2,1,1,1
양파즙,3,1,1,1,2,1,1,1
어묵,1,1,2,1,4,1,2,3
오겹살,1,1,1,1,4,1,5,4
오뎅,1,1,2,1,4,1,2,3
오만둥이,1,1,3,1,4,1,1,3
오이,1,1,1,1,1,1,1,2
오이지,1,2,4,1,2,1,1,2
오징어,1,1,2,1,5,1,1,3
옥수수전분,1,1,1,1,1,1,1,5
올리고,4,1,1,1,1,1,1,2
올리고당,5,1,1,1,1,1,1,2
올리브오일,1,1,1,1,1,1,5,3
올리브유,1,1,1,1,1,1,5,3
우스터소스,2,2,3,1,4,1,1,1
우엉,2,1,1,2,2,1,1,3
우유,1,1,1,1,2,1,3,2
원당,4,1,1,1,1,1,1,1
월계수잎,1,1,1,3,1,1,1,1
인스턴트커피,1,1,1,4,1,1,1,1
잘게,1,1,1,1,1,1,1,1
잠봉,1,1,4,1,4,1,3,3
잡채용,1,1,1,1,1,1,1,1
전분가루,1,1,1,1,1,1,1,5
조청,4,1,1,1,1,1,1,2
족발,1,1,2,1,4,1,4,4
줄기,1,1,1,1,1,1,1,1
중국간장,1,1,5,1,4,1,1,1
중면,1,1,1,1,1,1,1,4
진간장,1,1,5,1,5,1,1,1
집간장,1,1,5,1,4,1,1,1
쪽파,2,1,1,1,2,1,1,1
쭈꾸미,1,1,2,1,4,1,1,3
찜용콩나물,1,1,1,1,1,1,1,2
참기름,1,1,1,1,2,1,5,3
찹쌀가루,1,1,1,1,1,1,1,5
채끝살,1,1,1,1,5,1,4,4
채썬,1,1,1,1,1,1,1,1
청고추,1,1,1,1,1,4,1,1
청양고추,1,1,1,1,1,5,1,1
청주,1,1,1,1,1,1,1,1
체다치즈,1,1,3,1,3,1,5,3
춘장,1,1,4,2,4,1,3,3
치즈,1,1,3,1,3,1,5,4
치즈가루,1,1,3,1,4,1,4,2
칠리소스,3,2,2,1,2,3,1,2
카레가루,1,1,2,2,3,2,1,2
캐러멜소스,4,1,1,2,1,1,2,2
케찹,3,3,2,1,2,1,1,2
콩나물,1,1,1,1,1,1,1,2
타임,1,1,1,3,1,1,1,1
토마토케찹,3,3,2,1,2,1,1,2
통깨,1,1,1,1,2,1,3,2
통마늘,2,1,1,2,2,1,1,2
통삼겹살,1,1,1,1,4,1,5,4
통후추,1,1,1,2,1,3,1,1
튀김가루,1,1,2,1,2,1,1,4
튀김용,1,1,1,1,1,1,1,1
파마산,1,1,4,1,5,1,4,2
파스타면,1,1,1,1,1,1,1,4
파프리카,2,1,1,1,1,1,1,2
파프리카가루,1,1,1,1,1,1,1,1
팽이버섯,1,1,1,1,2,1,1,2
표고버섯,1,1,1,1,4,1,1,2
풋고추,1,1,1,1,1,2,1,1
피쉬액젓,1,1,5,1,5,1,1,1
핫소스,1,3,2,1,1,4,1,1
항정살,1,1,1,1,4,1,5,4
호박,2,1,1,1,1,1,1,2
홍고추,1,1,1,1,1,3,1,1
홍삼,1,1,1,4,1,1,1,1
홍합,1,1,2,1,5,1,1,2
황설탕,5,1,1,1,1,1,1,1
후추,1,1,1,1,1,3,1,1
후추가루,1,1,1,1,1,3,1,1
후춧가루,1,1,1,1,1,3,1,1