id,food_name,url,raw_ingredients
1,소갈비구이,https://www.10000recipe.com/recipe/6962996?srsltid=AfmBOopn5mDuNjiOCZv-x0czt_auPmmhCHm-lU9LEq2wJDbnsGm3xelo,[재료] 소갈비 800g 구매 양배추 1줌 구매 [양념] 진간장 7T 구매 원당 또는 설탕 4T 구매 미향 4T 구매 다진마늘 2T 구매 다진생강 1/2T 구매 통깨 적당량 구매
2,불고기,https://www.10000recipe.com/recipe/6879215?srsltid=AfmBOorPAs7SYxl6g9HPjB08yCta9cnAeMfZ3n4FRq2QyrYseSOs4Hhr,[재료] 소불고기 700g 구매 양파 1개 구매 대파 1대 구매 팽이버섯 1팩 구매 느타리버섯 1팩 구매 [양념] 설탕 4T 구매 물엿 2T 구매 매실액 1T 구매 다진마늘 3T 구매 간장 12T 구매 후추 약간 구매 참기름 3T 구매
3,순대,https://www.10000recipe.com/recipe/6921134?srsltid=AfmBOoqJ2PaaVNmCQp9WQgOvBMNcGfe5E-FcblrUo_TMTdBmjRFEMoMw,[재료] 순대 200g 구매 사골육수 6컵 구매 깻잎 4장 구매 콩나물 2줌 구매 대파 1/3개 구매 들깨가루 3T 구매 [순대국밥 양념] 사골육수 5T 구매 고춧가루 3T 구매 다진 마늘 1T 구매 다진 생강 1/2T 구매 새우젓 1/2T 구매 소금 1꼬집 구매 후춧가루 1꼬집 구매
4,삼겹살구이,https://www.10000recipe.com/recipe/5874939?srsltid=AfmBOoo94GXOqYC4-khn2LJTfqpIkmwsN_SlwonnHaNz4P1ZG3D5i1kZ,[재료] 삼겹살 500g 구매 소금 구매 후춧가루 구매 올리브유 2T 구매 [파채 재료] 대파 굵은것 1개 구매 매실엑기스 1T 구매 멸치액젓 1T 구매 참기름 1T 구매 통깨 1T 구매 깨소금 1T 구매
5,소고기등심구이,https://www.10000recipe.com/recipe/6875354?srsltid=AfmBOorjqRALFDgTq5uOYapnF1n2B2ySnuRoIQjpQmkwq5_mqipRTLEx,[재료] 소고기등심 구매 올리브유 구매 소금 구매 후추 구매 타임 구매 로즈마리 구매 마늘 구매 버터 구매
6,제육볶음,https://www.10000recipe.com/recipe/6845428?srsltid=AfmBOoqKUZCVlLewqvxOzYBs40ti7sqeBIfxJGgHSHBbzCmiV4l5wwSD,[제육볶음재료] 돼지고기앞다리살 1근 구매 양파 1개 구매 당근 1/3개 구매 마늘 1스푼 구매 파 약간 구매 고추 기호에맞게 구매 [재육볶음양념장] 간장 2스푼 구매 물엿 1스푼 구매 매실액 2스푼 구매 고추장 1스푼 구매 고춧가루 2스푼 구매 후추가루 약간 구매
7,항정살구이,https://www.10000recipe.com/recipe/7018287?srsltid=AfmBOoomuaJF5fplStdyW-nFvxLeA3hURy__oSymQZe-ZlUS_SElAVFK,[재료] 항정살 구매 통마늘 구매
8,통삼겹오븐구이,https://www.10000recipe.com/recipe/6880131?srsltid=AfmBOormXfUHrxGugQILV12UjoX8R3yhWlCu77oORxMWxI9RlyN3zI4d,[재료] 통삼겹살 600g 구매 [양념] 후추 톡톡 구매 굴소스 1T 구매 진간장 4~6t 구매 다진마늘 1T 구매 월계수잎 생략가능 1장 구매 미작 이나 소주 청주 2T 구매
9,매운족발,https://www.10000recipe.com/recipe/6880360?srsltid=AfmBOop3lyLlVYPrC519_q__L9Epg3y4va14Ys67QUA0PdMGcphb_ndH,[주재료] 족발 500g 구매 양파 1/2개 구매 [선택 재료] 청양고추 2개 구매 [양념] 고추장 2큰술 구매 고춧가루 2큰술 구매 올리고당 1큰술 구매 설탕 1큰술 구매 다진 마늘 1큰술 구매 진간장 2큰술 구매 후춧가루 약간 구매
10,소갈비찜,https://www.10000recipe.com/recipe/6881450?srsltid=AfmBOopSXAG8h0pYfd0o3e3SVHltqe4LXlH_C3XIPpEQHqMrgDEQyxVx,[재료] 소갈비 800~900g 구매 무 두께 5cm 정도 2토막 구매 당근 1/2개 구매 대파 1대 구매 [양념장] 배 1/2개 구매 양파 1/2개 구매 다진 마늘 2스푼 구매 간장 10스푼 구매 올리고 당 2스푼 구매 굴 소스 1스푼 구매 맛술 5스푼 구매 청주 4스푼 구매 설탕 2스푼 구매 다진 생강 0.3스푼 구매 후춧가루 0.3스푼 구매 참기름 0.5스푼 구매
11,수육보쌈,https://www.10000recipe.com/recipe/6906497?srsltid=AfmBOooztp-zHedkuXBDpNg9LdRLURrMEYSqOBRYJu4LH8cQQzx4Yktn,[재료] 돼지고기 오겹살 1kg 구매 된장 5T 구매 소주(청주) 5T 구매 다진 마늘 1T 구매 대파 2대 구매 양파 1.5개 구매 통후추 약간 구매
12,한방족발,https://www.10000recipe.com/recipe/7051039?srsltid=AfmBOoqRdVRdqzYV0NZNfA_b7ww6Y4nVplUltkFdiOGDer_qP60s9oni,[재료] 돼지족 앞다리 약 1.8kg 내외 1컷팅해서 2등분으로 받음! 1개 구매 [양념>1컵 = 200ml] 진간장 2/3컵 구매 노추 노두유 중국간장 1/3컵 구매 가루 알룰로스 2/3컵 구매 액상 알룰로스 1/3컵 구매 홍삼 스틱 이나 쌍화탕 1~2병 1~2봉 구매
13,닭볶음탕,https://www.10000recipe.com/recipe/6884873?srsltid=AfmBOoqiTm6RxQuJOozdgeAwUNOuHZFc-9UcshVjB8oFpvbz16e1uZQS,[재료 닭 1마리기준] 감자 2개 구매 양파 1개 구매 당근 1/2개 구매 청양고추 3개 구매 대파 1개 구매 [양념장] 고추장 2큰술 구매 고춧가루 5큰술 구매 간장 4큰술 구매 맛술 1큰술 구매 설탕 2큰술 구매 마늘 1큰술 구매
14,안동찜닭,https://www.10000recipe.com/recipe/6880798?srsltid=AfmBOopY2TB2dNSG9vvov2s1qEt9K4oy_Y3-nG8368y-IFbADsMRPunL,[재료] 손질된 닭 한마리 7호 구매 당면 1줌 구매 감자 큰 거 2개 구매 양파 1개 구매 당근 1/3개 구매 오이 1/3개 구매 대파 1/2개 구매 청고추 1개 구매 [소스재료] 물 4종이컵 구매 진간장 13스푼 구매 물엿 5스푼 구매 설탕 3스푼 구매 캐러멜소스 생략가능 1스푼 구매 다진마늘 3스푼 구매 후춧가루 톡 3번 구매 인스턴트커피 1봉 구매 [잡내제거 재료] 미림 혹은 소주 3스푼 구매 쌀뜨물 또는 우유 구매
15,두부김치,https://www.10000recipe.com/recipe/6872475?srsltid=AfmBOop0q53l79H87i-zK7GE4dMy0tbRKOvrPScz5zoGk1GbodhRgCNQ,[재료] 두부 1모 구매 김치 1공기 구매 소금 1/2티스푼 구매 통깨 약간 구매 [김치양념] 설탕 1/2큰술 구매 다진마늘 1/2큰술 구매 고춧가루 1큰술 구매 참기름 1큰술 구매
16,매운갈비찜,https://www.10000recipe.com/recipe/6843725?srsltid=AfmBOoopM0Si_imHPLUzR5mcCwe4RENKQpMi7soRB3SK_9HFeIyPNbMh,[재료] 돼지갈비 1kg 구매 감자 구매 당근 구매 양파 구매 대파 구매 청양고추 구매 [양념장] 고추장 3스푼 구매 고춧가루 4.5스푼 구매 간장 6스푼 구매 다진마늘 3스푼 구매 설탕 1스푼 구매 굴소스 1.5스푼 구매 매실액 1스푼 구매 맛술 2스푼 구매 후추 톡톡 구매 양파 1/4개 구매 청양고추 구매
17,치킨만들기,https://www.10000recipe.com/recipe/6946141?srsltid=AfmBOoqkyiVTcZq-xI92I3sfg9aVJpemDzj-RK0oKtR6SYil7j4Gs0gW,[염지] 닭 1.2kg 구매 소금 2ts 구매 설탕 2ts 구매 생강가루 1ts 구매 마늘가루 1ts 구매 후추 1ts 구매 MSG 1ts 구매 우유 500ml 구매 [치킨파우더] 박력분 1kg 구매 옥수수전분 10~12TS 구매 소금 4ts 구매 MSG 2ts 구매 파프리카가루 2ts 구매 넛맥 가루 2ts 구매 양파가루 4ts 구매 마늘가루 6ts 구매 후추가루 2ts 구매 베이킹파우더 2ts 구매 설탕 2ts 구매 [튀김] 튀김용 올리브오일 500ml 구매 기름 1l 구매
18,양념치킨,https://www.10000recipe.com/recipe/6905533?srsltid=AfmBOooWEI0CCnPK3DdQXda0_8C1h4BUd6dZMqxf10epD3by-XvdYeLC,[재료] 물엿 4큰술 구매 다진 마늘 2큰술 구매 케찹 2큰술 구매 설탕 2큰술 구매 고추장 1큰술 구매 고춧가루 1큰술 구매 물 1큰술 구매 간장 1큰술 구매
19,김치전,https://www.10000recipe.com/recipe/6911743?srsltid=AfmBOoqS6guH9ATFUXL0KFap_hvXbz5GtdTx34eQME314ZjJuqzwrUZD,[재료] 김치 2컵 구매 부침가루 1컵 구매 김치국물 1/3컵 구매 물 2/3컵 구매 다진마늘 1/2스푼 구매
20,해물파전,https://www.10000recipe.com/recipe/6879050?srsltid=AfmBOor9jHXLj4J2igq1HkR-dpcncynpbHYSNE04HrdFW-Cl1QfpvmwJ,[재료] 밀가루 또는 부침가루 1공기 구매 물 1공기 구매 간장 1숟갈 구매 쪽파 500원 동전크기 또는 부추 구매 오징어 1마리 구매 식용유 넉넉히 구매
21,감자전,https://www.10000recipe.com/recipe/6864128?srsltid=AfmBOorJHC8Yz9ruLM2IwttTQVAJ5LcpTGRpOA60xhf1OpFfT4jwHIT9,[주재료] 감자 작은거 6개 구매 식용유 약간 구매 홍고추 1개 구매 소금 약간 구매
22,소고기육전,https://www.10000recipe.com/recipe/6876644?srsltid=AfmBOop3VSGRkJOkyfO-mOiwgKJwPBxjrJIpY6iMNT_zzEIbiSVmJKmu,[재료] 채끝살 500g 구매 간장 2Ts 구매 생강즙 1ts 구매 다진마늘 0.5Ts 구매 조청 0.7Ts 구매 참기름 약간 구매 후추 약간 구매 찹쌀가루 1.5컵 구매 달걀 2개 구매
23,탕수육,https://www.10000recipe.com/recipe/6866136?srsltid=AfmBOordsJFtzOcpIK2wHwLuHbTlc2S-i0rZjmelOVVAbJVKIL6aJZUt,[탕수육 소스] 물 600ml 구매 간장 100ml 구매 식초 90ml 구매 설탕 14T 구매 당근 구매 오이 구매 양파 구매 파프리카 구매 [재료] 돼지고기 안심 2근 구매 전분가루 고구마전분 : 옥수수전분 = 7:3 20T 구매 식용유 10T 구매
24,고기만두,https://www.10000recipe.com/recipe/6877320?srsltid=AfmBOoqRgZxoFWAGyMtagmpJ84UxQdkwYlZucpgVOu8sUO9THGmXkUID,[재료] 돼지고기 간 거 500g 구매 당면 1줌 구매 부추 1줌 구매 두부 1모 구매 양파 1/2개 구매 대파 1개 구매 숙주나물 300g 구매 김치 1/3쪽 구매 [고기양념] 설탕 1큰술 구매 간장 3큰술 구매 굴소스 1큰술 구매 청주 1큰술 구매 생강 약간 구매 후추 약간 구매 마늘 3알 구매
25,아구찜,https://www.10000recipe.com/recipe/6655115?srsltid=AfmBOopdjrhW73efA3xH7dGpzZtKlxEWAYzIQV9Q1GrQiw_kpv7DgRRK,[재료] 아구 1kg 구매 주꾸미 4마리 구매 일자 콩나물 찜용콩나물 500g 구매 미나리 2줌 구매 대파 2줌 구매 미더덕 1.5줌 구매 다시마물 1/2컵 구매 참기름 1.5큰술 구매 통깨 약간 구매 녹말물 5큰술 구매 [양념장] 고춧가루 10큰술 구매 설탕 2큰술 구매 마늘 2큰술 구매 생강 1작은술 구매 소금 1/2큰술 구매 간장 1큰술 구매
26,낙지볶음,https://www.10000recipe.com/recipe/6857475?srsltid=AfmBOopvhK3mHyLXVsOhTjvxI5DHEFwrT3NrtB_1H6Tya5LiGJcpAsJO,[재료] 낙지 2마리 구매 밀가루 조금 구매 배추 속대 4장 구매 양파 1개 구매 대파 1뿌리 구매 볶음참깨 약간 구매 국수(중면) 1줌 구매 [낙지볶음 양념] 고춧가루 2큰술 구매 고추장 1큰술 구매 멸치 액젓 2큰술 구매 미림 1큰술 구매 올리고당 1큰술 구매 설탕 1/2큰술 구매 굴소스 1/2큰술 구매 다진 마늘 1큰술 구매
27,간장게장,https://www.10000recipe.com/recipe/6846268?srsltid=AfmBOorVc1rIkiGi_YmjlvgQWfZd3JT3hOryAXqhklWFnMea28aXoPN4,[재료] 블루크랩 원하는만큼 구매 [간장양념비율] 간장 3종이컵 구매 소주 1컵 구매 사이다 1컵 구매 설탕 1.5컵 구매 생강 마늘크기 6톨 구매 마늘 6알 구매 매운고추 3개 구매 빨간고추 2개 구매 다시마 약간 구매
28,해물탕,https://www.10000recipe.com/recipe/6936270?srsltid=AfmBOopidKeQCmqCP1WbR17UoQ1MmDcTvxW8VNJjbQcGz6FCmFxDFRsD,[해산물] 명란 7~8개 구매 오만둥이 1줌 구매 바지락 1주먹 구매 낙지 1마리 구매 꽃게 1마리 구매 새우 5마리 구매 [야채] 콩나물 1/2봉지 구매 무 1/3 구매 대파 1대 구매 청양고추 2개 구매 마늘 1T 구매 양파 1개 구매 부추 조금 구매 [양념] 새우젓 2T 구매 고추가루 3T 구매 맛술 2T 구매 된장크게 1T 구매 후추 톡톡 구매
29,골뱅이무침,https://www.10000recipe.com/recipe/6830356?srsltid=AfmBOopFguSg0P-qFOjE1XMRjkfhHf7vKO45KzHr_x-LoOrNeCNCHPAC,[재료] 골뱅이 구매 대파 1대 구매 양파 1/2개 구매 오이 구매 당근 구매 파프리카 구매 [양념] 고춧가루 4스푼 구매 고추장 2스푼 구매 간장 1스푼 구매 매실액 2스푼 구매 황설탕 1스푼 구매 식초 2스푼 구매 마늘 1스푼 구매 올리고당 1스푼 구매 참기름 1스푼 구매
30,간장새우장,https://www.10000recipe.com/recipe/1604199?srsltid=AfmBOorC3MgAa6E5r3HEXRVG80FrU8Kvm1ihNRjPxIEAp440gos8CzdZ,[재료] 새우 50~60마리 정도 1kg 구매 양파 중 1개 구매 풋고추 6개 구매 마늘 5톨 구매 [새우간장물] 간장 2컵 구매 물 3컵 구매 청주 1/2컵 구매 맛술 1/2컵 구매 설탕 3스푼 구매 생강 2톨 구매 마른고추 1개 구매 통후추 1/2스푼 구매 레몬 1/2개 구매
31,오뎅탕,https://www.10000recipe.com/recipe/4323582?srsltid=AfmBOoqDdjguAZxl-IAis63vlolynN5hnfDJ8jor2e5nOeGkfGpaVrXV,[재료] 오뎅 20개 구매 멸치 12마리 구매 대파 큰거 1뿌리 구매 무우 4토막 구매 양파 1개 구매 표고버섯 3개 구매 새우 5마리 구매 다시다 1장 구매 [양념] 굵은소금 구매 집간장 구매 쇠고기다시다 선택 구매
32,비빔밥,https://www.10000recipe.com/recipe/6839413?srsltid=AfmBOordPVUPRj8fXAvZgKtSF_jZ1ZOJnRdzCxMB3MN_seGXtOU8NfgH,[재료] 돼지고기 100g 구매 애호박 1/5개 구매 양파 1/2개 구매 당근 1/3개 구매 [양념] 고추장 2T 구매 간장 2T 구매 설탕 1.5T 구매 깨소금 1T 구매 참기름 1T 구매 식초 1T 구매
33,김밥,https://www.10000recipe.com/recipe/7051993?srsltid=AfmBOorm69IRNfXyjmWtl5IeCfxiz6NGH__P0teaV_yT5OEnGDPvNWiX,[재료] 밥 4인분 구매 시금치 400g 구매 단무지 8줄 구매 우엉 8줄 구매 오이지 8줄 구매 계란 4개 구매 전분가루 1T 구매 물 2T 구매 당근 300g 구매 어묵 3개 구매 진간장 1/2T 구매 굴소스 1/2T 구매 물 2T 구매 미림 1T 구매 슬라이스햄 잠봉 슬라이스햄 구매
34,잡채,https://www.10000recipe.com/recipe/7017183?srsltid=AfmBOoo3lpb5ccDp7F4ZPx0adIRGIdsnqYEKjoSK3G67eTzxgC8Et_wN,[재료] 당면 200g 구매 소고기 잡채용 150g 구매 양파 1/3개 구매 당근 1/2개 구매 시금치 1단 구매 느타리버섯 넉넉히 1줌 구매 소금 약간 구매 참기름 약간 구매 통깨 약간 구매 [*소고기 밑간] 진간장 1숟가락 구매 맛술 1숟가락 구매 다진 마늘 1/2숟가락 구매 참기름 1숟가락 구매 후추 톡톡 구매 [*당면 양념] 진간장 60ml 구매 물엿 120ml 구매 식용유 3숟가락 구매
35,짜장면,https://www.10000recipe.com/recipe/6838655?srsltid=AfmBOorVEygvMa6jCpsXTjGDLSTnBvFoAQ8hQm-g1VRDjGuGmuAFK2WI,[재료] 양파 1개 구매 양배추 1/5개 구매 돼지고기 200g 구매 오이 1/3개 구매 파 2줄기 구매 파스타면 2인분 구매 [양념] 춘장 1/3컵 구매 설탕 1T 구매 물전분 3T 구매
36,짬뽕,https://www.10000recipe.com/recipe/6871448?srsltid=AfmBOoq0Zh5VuawcES5zmaqqcMXqeKMNcGNTbHr2AVp5sC1RhHLprH8C,[재료] 오징어 1마리 구매 돼지고기 1컵 구매 새우 원하는만큼 구매 홍합 원하는만큼 구매 파 잘게 썬 1컵 구매 다진 생강 1큰술 구매 채썬 양파 1컵 구매 채썬 양배추 1컵 구매 채썬 호박 1컵 구매 채썬 당근 1/2컵 구매 매운고추 원하는만큼 구매 부추 원하는만큼 구매 멸치다시마육수 또는 물 원하는만큼 구매 다진 마늘 선택 1큰술 구매 [양념재료] 올리브유 또는 식용유 3큰술 구매 간장 3큰술 구매 고추가루 3큰술 구매 피쉬액젓 1큰술 구매 소금 약간 구매
37,김치볶음밥,https://www.10000recipe.com/recipe/6865385?srsltid=AfmBOoqXizJVlKl48xnn_khtdqYEpemIf_amnfYeHEzVx26rTRIb1Wsp,[재료] 김치 1국그릇 구매 베이컨 3장 구매 대파 1개 구매 달걀 2개 구매 식용유 or 올리브유 약간 구매 간장 1스푼 구매
38,비빔냉면,https://www.10000recipe.com/recipe/6874995?srsltid=AfmBOor8awNaCda774wvQ1QsACcLfErzejXR8zqwS4vUrb9K_nSy2B40,[재료] 고추장 2 구매 간장 1 구매 고춧가루 1 구매 설탕 1 구매 식초 1 구매 사이다 2 구매 매실액 1 구매 파 구매 마늘 구매 통깨 구매
39,떡볶이,https://www.10000recipe.com/recipe/6858080?srsltid=AfmBOoplnpjmF1cPOvpPVp8TTvofQCfZv2WWzYV-7N_qoEHVCDIf82Lu,[재료] 떡 400g 구매 물 2컵 구매 대파 1컵 구매 [양념장] 설탕 4T 구매 간장 2T 구매 고추장 1T 구매 고춧가루 1T 구매
40,로제떡볶이,https://www.10000recipe.com/recipe/6966953?srsltid=AfmBOoorNeIx0N0mJRPDP24x3HopgX2CWPsMjhUaD6Ke1ajf-vSn6bi9,[재료] 떡볶이 떡 360g 구매 비엔나 소시지 8개 구매 대파 1대 구매 양파 1/2개 구매 어묵 2장 구매 우유 400ml 구매 다진 마늘 1스푼 구매 파마산 치즈가루 1T 구매 체다치즈 1장 구매 식용유 적당량 구매 [양념 재료] 고추장 1.5T 구매 고춧가루 1T 구매 간장 1T 구매 카레가루 0.5T 구매 설탕 0.5T 구매
41,소고기육회,https://www.10000recipe.com/recipe/6865491?srsltid=AfmBOopkcYABRMjAiYQSQYt-emi3IVETl3vnVEhJ4ChqddMPP6UGauXJ,[재료] 소고기 앞다리/우둔/엉덩이 1/2근 구매 배 1/3개 구매 쪽파 2대 구매 계란 노른자 1알 구매 [양념장] 소금 1/2T 구매 설탕 1/2T 구매 국간장 1/2T 구매 참기름 1T 구매 매실액 1/2T 구매 다진마늘 1T 구매 통깨 1/2T 구매
42,떡갈비,https://www.10000recipe.com/recipe/6851683?srsltid=AfmBOorxoupnlcb7gJU7MQgi1_sOlYs8rZ3iT1_twgFiOID5SQ7lNuf5,[주재료] 소고기다진것 600g 구매 돼지고기다짐육 400g 구매 [양념] 간장 7Ts 구매 설탕 3Ts 구매 올리고당 2Ts 구매 참기름 1Ts 구매 마늘 1Ts 구매 생강즙 2Ts 구매 배즙 이나 양파즙 4Ts 구매 다진파 2Ts 구매 [유장] 참기름 1Ts 구매 간장 1ts 구매 꿀 1ts 구매
43,소곱창구이,https://www.10000recipe.com/recipe/6880402?srsltid=AfmBOorjqqPn77yBdROoRV2W9k0W_4W_WSM_BTbBggq6UrVwEgtNB--t,[재료] 곱창 1kg 구매 감자 2개 구매 참기름 1스푼 구매
44,두부조림,https://www.10000recipe.com/recipe/6891526?srsltid=AfmBOoo5NgKl25wZ1DJ7XEMvVp4ktE-GxsIXUGKkjwaUqNv9RHYi0apS,[재료 ] 두부 1모 구매 물 1/4컵 구매 소금 약간 구매 [양념] 고춧가루 1스푼 구매 간장 3스푼 구매 맛술 1스푼 구매 다진 마늘 0.5스푼 구매 다진 대파 3스푼 구매 설탕 0.5스푼 구매 참기름 1스푼 구매
45,제육타코,https://m.blog.naver.com/peace8012/222622812480,[재료] 또또아 6인치 4장 구매 돼지고기 앞다리살 300g 구매 양파 1/2개 구매 대파 1/2대 구매 양배추 2줌 구매 슈레드 치즈 1컵 구매 [돼지고기 밑간] 간장 1T 구매 맛술 1T 구매 다진마늘 0.5T 구매 후추 약간 구매 [제육 양념 소스] 고추장 1T 구매 고춧가루 1.5T 구매 진간장 1T 구매 올리고당 1.5T 구매 [타코 토핑 소스] 사워크림 적당량 구매 칠리소스 적당량 구매
46,김치치즈볼,https://www.10000recipe.com/recipe/6849617,[재료] 신김치 1/4포기 구매 밥 2공기 구매 모짜렐라 스트링치즈 3개 구매 튀김가루 1컵 구매 빵가루 1컵 구매 달걀 2개 구매 [양념] 설탕 0.5T 구매 참기름 1T 구매 통깨 1T 구매 식용유 적당량 구매
47,등갈비바베큐,https://www.10000recipe.com/recipe/6870497?srsltid=AfmBOoqG5i_Vh6xqPxMlP0nVVCMrZxAgr798Iu3ZEYfDOWbXT1CoWb1w,[주재료] 등갈비 1대 구매 월계수잎 1개 구매 통마늘 5톨 구매 양파 1/2개 구매 사과 없음패스 1/2개 구매 대파 약간 구매 통후추 약간 구매 냉동 감자튀김 1줌 구매 [양념] 다진양파 2Ts 구매 다진 샐러리 없음패스 2Ts 구매 바베큐소스 100ml 구매 우스터소스 1Ts 구매 토마토케찹 3Ts 구매 올리고당 1Ts 구매 설탕 2Ts 구매 간장 3Ts 구매 핫소스 2Ts 구매 간마늘 1.5Ts 구매 소주 1Ts 구매 생강즙 1/2ts 구매 레몬즙 1Ts 구매
48,순대볶음,https://www.10000recipe.com/recipe/6712470?srsltid=AfmBOorqB-Ytpvxa5HcRV4EzcGgDf-8txAgAkz1e_AkQZ1IFa2Xi4Jwu,[재료] 순대 500g 구매 양파 구매 양배추 구매 당근 구매 파 구매 홍고추 구매 깻순 약간 구매 [양념] 고춧가루 3큰술 구매 고추장 2큰술 구매 설탕 2큰술 구매 간장 4큰술 구매 마늘 1큰술 구매 들깨가루 조금 구매
49,순두부찌개,https://www.10000recipe.com/recipe/6912220?srsltid=AfmBOoo6_60UnRntI2d61MmDI1DSeySszJWkFZYqohMRUjXx0w48MV2x,[재료] 순두부 구매 대파 1/4개 구매 양파 1/4개 구매 애호박 1/4개 구매 청양고추 1개 구매 달걀 1개 구매 참기름 1큰술 구매 식용유 2큰술 구매 고추가루 1.5큰술 구매 소금 1/2큰술 구매 설탕 1꼬집 구매 굴소스 1큰술 구매 간장 1큰술 구매 다진 마늘 1큰술 구매 멸치육수 구매
50,부대찌개,https://www.10000recipe.com/recipe/6884636?srsltid=AfmBOorQzVAxMO3jMimZIvlpQQWB9sHA7362uk_5j35tfnNCarUwLHzk,[재료] 김치 1줌 1/4밥그릇 구매 비엔나 20개 구매 스팸 1개 구매 두부 1/3모 구매 떡 1줌 구매 대파 10센티 4개 구매 홍고추 2개 구매 청양고추 큰거 2개 구매 사골곰탕 1봉지 구매 [양념] 된장 1/2큰술 구매 고추가루 4큰술 구매 마늘 2큰술 구매 국간장 2큰술 구매 설탕 1/2큰술 구매 물 1/2소주컵 구매
51,감자탕,https://www.10000recipe.com/recipe/6873935?srsltid=AfmBOooRgHmra7iar2krtGWL7KjG6pXntx1Lk67WcOvqAafSFX-AUD0L,[재료] 돼지등뼈 1.3kg 구매 감자 2개 구매 무청 1줌 구매 대파 1대 구매 깻잎 약간 구매 물 적당량 구매 [양념] 고추장 1큰술 구매 된장 1큰술 구매 고춧가루 3큰술 구매 다진마늘 1큰술 구매 국간장 1/2컵 구매 액젓 3큰술 구매 들깨가루 4~5큰술 구매